id,active,name,type,application,amount,times_to_run,limit_adjustments,period_days,max_amount_per_period,taxes,roles,data_service,upload_in_kilobits,download_in_kilobits,technology_code,usage_based_billing_policy_id,unit_quantity_in_gigabytes,general_ledger_code_id,tax_exemption_amount,voice_service,unlimited_local_minutes,unlimited_long_distance_minutes,local_minutes,local_minutes_amount,long_distance_minutes,long_distance_minutes_amount,first_interval_in_seconds,sub_interval_in_seconds,local_prefixes,inbound_toll_free_rate,billing_frequency_in_months,account_groups
1,False,14/2 Business Broadband Service BEFORE EDIT,recurring,debit,99.95,0,False,0,0,[],[],False,0,0,0,,,,0,False,False,False,,0,,0,,,[],0,1,[]
2,True,Gigabit1 Installation Fee - 2 Year Term EDITED YET AGAIN,one time,debit,199,0,False,0,0,[],[],False,0,0,0,,,,0,False,False,False,,0,,0,,,[],0,1,[]
3,True,6 Month $40 Discount Offer,expiring,credit,40,6,False,0,0,[],[],False,0,0,0,,,,0,False,False,False,,0,,0,,,[],0,1,[]
4,True,Late Fee,one time,debit,25,0,False,0,0,[],[],False,0,0,0,,,,0,False,False,False,,0,,0,,,[],0,1,[]
5,True,Legacy Service Plan,recurring,debit,49.95,0,False,0,0,[],[],False,0,0,0,,,,0,False,False,False,,0,,0,,,[],0,1,[]
6,True,Legacy WAN Plan,recurring,debit,119.95,0,False,0,0,[],[],False,0,0,0,,,,0,False,False,False,,0,,0,,,[],0,1,[]
7,True,2011 AERO DIA 300Mbps,recurring,debit,1100,0,False,0,0,[],[],True,300000,300000,70,,,,0,False,False,False,,0,,0,,,[],0,1,[]
8,True,2014 AERO BDSL 100Mbps/25Mbps,recurring,debit,799,0,False,0,0,[],[],True,25000,25000,70,,,,0,False,False,False,,0,,0,,,[],0,1,[]
9,True,2014 AERO BDSL 14Mbps/2Mbps,recurring,debit,99,0,False,0,0,[],[],True,2000,2000,70,,,,0,False,False,False,,0,,0,,,[],0,1,[]
10,True,2014 AERO BDSL 250Mbps/50Mbps,recurring,debit,899,0,False,0,0,[],[],True,50000,50000,70,,,,0,False,False,False,,0,,0,,,[],0,1,[]
11,True,2014 AERO BDSL 25Mbps/5Mbps,recurring,debit,199,0,False,0,0,[],[],True,5000,5000,70,,,,0,False,False,False,,0,,0,,,[],0,1,[]
12,True,2020AN-GN-BB-50M 2014 AERO BDSL 50Mbps/10Mbps,recurring,debit,399,0,False,0,0,[],[],True,10000,50000,70,,,,0,False,False,False,,0,,0,,,[],0,1,[]
13,True,2014 AERO BDSL 7Mbps/1Mbps,recurring,debit,59,0,False,0,0,[],[],True,1000,1000,70,,,,0,False,False,False,,0,,0,,,[],0,1,[]
14,True,2014 AERO DIA 100Mbps,recurring,debit,1299,0,False,0,0,[],[],True,100000,100000,70,,,,0,False,False,False,,0,,0,,,[],0,1,[]
15,True,2014 AERO DIA 10Mbps,recurring,debit,399,0,False,0,0,[],[],True,10000,10000,70,,,,0,False,False,False,,0,,0,,,[],0,1,[]
16,True,2014 AERO DIA 1GB,recurring,debit,19000,0,False,0,0,[],[],False,0,0,0,,,,0,False,False,False,,0,,0,,,[],0,1,[]
17,True,2014 AERO DIA 1Mbps,recurring,debit,99,0,False,0,0,[],[],True,1000,1000,70,,,,0,False,False,False,,0,,0,,,[],0,1,[]
18,True,2014 AERO DIA 25Mbps,recurring,debit,599,0,False,0,0,[],[],True,25000,25000,70,,,,0,False,False,False,,0,,0,,,[],0,1,[]
19,True,2014 AERO DIA 3Mbps,recurring,debit,199,0,False,0,0,[],[],True,3000,3000,70,,,,0,False,False,False,,0,,0,,,[],0,1,[]
20,True,2014 AERO DIA 50Mbps,recurring,debit,899,0,False,0,0,[],[],True,50000,50000,70,,,,0,False,False,False,,0,,0,,,[],0,1,[]
21,True,2014 AERO DIA 5Mbps,recurring,debit,249,0,False,0,0,[],[],True,5000,5000,70,,,,0,False,False,False,,0,,0,,,[],0,1,[]
22,True,2014 AERO WAN  100Mbps,recurring,debit,2800,0,False,0,0,[],[],True,100000,100000,70,,,,0,False,False,False,,0,,0,,,[],0,1,[]
23,True,2014 AERO WAN  10Mbps,recurring,debit,399,0,False,0,0,[],[],True,10000,10000,70,,,,0,False,False,False,,0,,0,,,[],0,1,[]
24,True,2014 AERO WAN  1Mbps,recurring,debit,99,0,False,0,0,[],[],True,1000,1000,70,,,,0,False,False,False,,0,,0,,,[],0,1,[]
25,True,2014 AERO WAN  25Mbps,recurring,debit,599,0,False,0,0,[],[],True,25000,25000,70,,,,0,False,False,False,,0,,0,,,[],0,1,[]
26,True,2014 AERO WAN  3Mbps,recurring,debit,189,0,False,0,0,[],[],True,3000,3000,70,,,,0,False,False,False,,0,,0,,,[],0,1,[]
27,True,2014 AERO WAN  50Mbps,recurring,debit,699,0,False,0,0,[],[],True,50000,50000,70,,,,0,False,False,False,,0,,0,,,[],0,1,[]
28,True,2014 Carrier WAN 100Mbps,recurring,debit,1299.95,0,False,0,0,[],[],True,100000,100000,70,,,,0,False,False,False,,0,,0,,,[],0,1,[]
29,True,2014 WN BDSL  10Mbps,recurring,debit,59.95,0,False,0,0,[],[],True,10000,10000,70,,,,0,False,False,False,,0,,0,,,[],0,1,[]
30,True,2014 WN BDSL  3Mbps,recurring,debit,44.95,0,False,0,0,[],[],True,3000,3000,70,,,,0,False,False,False,,0,,0,,,[],0,1,[]
31,True,2014 WN BDSL  5Mbps,recurring,debit,49.95,0,False,0,0,[],[],True,5000,5000,70,,,,0,False,False,False,,0,,0,,,[],0,1,[]
32,True,2014 WN DIA / WAN 1.5Mbps,recurring,debit,99.95,0,False,0,0,[],[],True,5000,5000,70,,,,0,False,False,False,,0,,0,,,[],0,1,[]
33,True,2014 WN DIA / WAN 10Mbps,recurring,debit,399.95,0,False,0,0,[],[],True,10000,10000,70,,,,0,False,False,False,,0,,0,,,[],0,1,[]
34,True,2014 WN DIA / WAN 1Mbps,recurring,debit,89.95,0,False,0,0,[],[],True,1000,1000,70,,,,0,False,False,False,,0,,0,,,[],0,1,[]
35,True,2014 WN DIA / WAN 20Mbps,recurring,debit,599.95,0,False,0,0,[],[],True,20000,20000,70,,,,0,False,False,False,,0,,0,,,[],0,1,[]
36,True,2014 WN DIA / WAN 3Mbps,recurring,debit,149.95,0,False,0,0,[],[],True,3000,3000,70,,,,0,False,False,False,,0,,0,,,[],0,1,[]
37,True,2014 WN DIA / WAN 512Kbps,recurring,debit,69.95,0,False,0,0,[],[],True,512,512,70,,,,0,False,False,False,,0,,0,,,[],0,1,[]
38,True,2014 WN DIA / WAN 5Mbps,recurring,debit,249.95,0,False,0,0,[],[],True,5000,5000,70,,,,0,False,False,False,,0,,0,,,[],0,1,[]
39,True,2015 AERO BDSL 14 Mbps/  2 Mbps Double Speed Offer,recurring,debit,59,0,False,0,0,[],[],True,2000,2000,70,,,,0,False,False,False,,0,,0,,,[],0,1,[]
40,True,2015 Giga1 Business  100/25 Mbps,recurring,debit,179,0,False,0,0,[],[],True,25000,25000,70,,,,0,False,False,False,,0,,0,,,[],0,1,[]
41,True,2015 Giga1 Business  15/2 Mbps,recurring,debit,99,0,False,0,0,[],[],True,2000,2000,70,,,,0,False,False,False,,0,,0,,,[],0,1,[]
42,True,2015 Giga1 Business  250/50 Mbps,recurring,debit,249,0,False,0,0,[],[],True,50000,50000,70,,,,0,False,False,False,,0,,0,,,[],0,1,[]
43,True,2015 Giga1 Business  50/10 Mbps,recurring,debit,149,0,False,0,0,[],[],True,10000,10000,70,,,,0,False,False,False,,0,,0,,,[],0,1,[]
44,True,2015 Giga1 Business  500/75 Mbps,recurring,debit,599,0,False,0,0,[],[],True,75000,75000,70,,,,0,False,False,False,,0,,0,,,[],0,1,[]
45,True,2015 Giga1 Business 25/5 Mbps,recurring,debit,129,0,False,0,0,[],[],True,5000,5000,70,,,,0,False,False,False,,0,,0,,,[],0,1,[]
46,True,2015 Giga1 Dedicated Internet 10 Mbps,recurring,debit,0,0,False,0,0,[],[],True,10000,10000,70,,,,0,False,False,False,,0,,0,,,[],0,1,[]
47,True,2015 Giga1 Dedicated Internet 100 Mbps,recurring,debit,899,0,False,0,0,[],[],True,100000,100000,70,,,,0,False,False,False,,0,,0,,,[],0,1,[]
48,True,2015 Giga1 Dedicated Internet 25 Mbps,recurring,debit,299,0,False,0,0,[],[],True,25000,25000,70,,,,0,False,False,False,,0,,0,,,[],0,1,[]
49,True,2015 Giga1 Dedicated Internet 50 Mbps,recurring,debit,499,0,False,0,0,[],[],True,50000,50000,70,,,,0,False,False,False,,0,,0,,,[],0,1,[]
50,True,2015 Giga1 Dedicated Internet 500 Mbps,recurring,debit,0,0,False,0,0,[],[],True,500000,500000,70,,,,0,False,False,False,,0,,0,,,[],0,1,[]
51,True,2015 Giga1 Residential 100 Mbps,recurring,debit,59.95,0,False,0,0,[],[],True,100000,100000,70,,,,0,False,False,False,,0,,0,,,[],0,1,[]
52,True,2015 Giga1 Residential 25 Mbps,recurring,debit,39.95,0,False,0,0,[],[],True,25000,25000,70,,,,0,False,False,False,,0,,0,,,[],0,1,[]
53,True,2015 Giga1 Residential 50 Mbps,recurring,debit,49.95,0,False,0,0,[],[],True,50000,50000,70,,,,0,False,False,False,,0,,0,,,[],0,1,[]
54,True,2015 Giga1 Residential 500 Mbps,recurring,debit,69.95,0,False,0,0,[],[],True,500000,500000,70,,,,0,False,False,False,,0,,0,,,[],0,1,[]
55,True,2016 AERO BDSL Internet Access 14Mbps/4Mbps Double Upload Offer,recurring,debit,99,0,False,0,0,[],[],True,4000,4000,70,,,,0,False,False,False,,0,,0,,,[],0,1,[]
56,True,2016 AERO BDSL Internet Access up to 20Mbps / up to 3Mbps,recurring,debit,149,0,False,0,0,[],[],True,3000,3000,70,,,,0,False,False,False,,0,,0,,,[],0,1,[]
57,True,256kbps Business Broadband Service,recurring,debit,93.46,0,False,0,0,[],[],True,256,256,70,,,,0,False,False,False,,0,,0,,,[],0,1,[]
58,True,30 Static IP /27,recurring,debit,0,0,False,0,0,[],[],False,0,0,0,,,,0,False,False,False,,0,,0,,,[],0,1,[]
59,True,3Mbps Res,recurring,debit,0,0,False,0,0,[],[],True,3000,3000,70,,,,0,False,False,False,,0,,0,,,[],0,1,[]
60,True,5 Static IP /29,recurring,debit,29.95,0,False,0,0,[],[],False,0,0,0,,,,0,False,False,False,,0,,0,,,[],0,1,[]
61,True,512Kbps Business Broadband Service,recurring,debit,0,0,False,0,0,[],[],True,512,512,70,,,,0,False,False,False,,0,,0,,,[],0,1,[]
62,True,911 VOIP Lines Service,recurring,debit,1,0,False,0,0,[],[],False,0,0,0,,,,0,False,False,False,,0,,0,,,[],0,1,[]
63,True,AERO 1 IP,recurring,debit,10,0,False,0,0,[],[],False,0,0,0,,,,0,False,False,False,,0,,0,,,[],0,1,[]
64,True,AERO 14 IP Block,recurring,debit,69.95,0,False,0,0,[],[],False,0,0,0,,,,0,False,False,False,,0,,0,,,[],0,1,[]
65,True,AERO 5 IP Block,recurring,debit,49.95,0,False,0,0,[],[],False,0,0,0,,,,0,False,False,False,,0,,0,,,[],0,1,[]
66,True,AERO DIA 1.5Mbps,recurring,debit,0,0,False,0,0,[],[],True,5000,5000,70,,,,0,False,False,False,,0,,0,,,[],0,1,[]
67,True,AERO DIA 1Mbps,recurring,debit,249.95,0,False,0,0,[],[],True,1000,1000,70,,,,0,False,False,False,,0,,0,,,[],0,1,[]
68,True,AERO DIA 20Mbps,recurring,debit,399,0,False,0,0,[],[],True,20000,20000,70,,,,0,False,False,False,,0,,0,,,[],0,1,[]
69,True,AERO DIA Access 30Mbps/30Mbps,recurring,debit,0,0,False,0,0,[],[],True,30000,30000,70,,,,0,False,False,False,,0,,0,,,[],0,1,[]
70,True,AERO RDSL 1Mbps,recurring,debit,0,0,False,0,0,[],[],True,1000,1000,70,,,,0,False,False,False,,0,,0,,,[],0,1,[]
71,True,Collocation,recurring,debit,0,0,False,0,0,[],[],False,0,0,0,,,,0,False,False,False,,0,,0,,,[],0,1,[]
72,True,Equipment,recurring,debit,19.95,0,False,0,0,[],[],False,0,0,0,,,,0,False,False,False,,0,,0,,,[],0,1,[]
73,True,Fee,recurring,debit,9.95,0,False,0,0,[],[],False,0,0,0,,,,0,False,False,False,,0,,0,,,[],0,1,[]
74,True,Fiber Port,recurring,debit,0,0,False,0,0,[],[],False,0,0,0,,,,0,False,False,False,,0,,0,,,[],0,1,[]
75,True,Hunting & 911 VOIP Lines Service,recurring,debit,1,0,False,0,0,[],[],False,0,0,0,,,,0,False,False,False,,0,,0,,,[],0,1,[]
76,True,Hunting Telephone Service,recurring,debit,10,0,False,0,0,[],[],False,0,0,0,,,,0,False,False,False,,0,,0,,,[],0,1,[]
77,True,IP,recurring,debit,10,0,False,0,0,[],[],False,0,0,0,,,,0,False,False,False,,0,,0,,,[],0,1,[]
78,True,IP Adress,recurring,debit,0,0,False,0,0,[],[],False,0,0,0,,,,0,False,False,False,,0,,0,,,[],0,1,[]
79,True,Lease,recurring,debit,20,0,False,0,0,[],[],False,0,0,0,,,,0,False,False,False,,0,,0,,,[],0,1,[]
80,True,Managed Router / Other,recurring,debit,0,0,False,0,0,[],[],False,0,0,0,,,,0,False,False,False,,0,,0,,,[],0,1,[]
81,True,Microwave Link Upgrade / Technician Visit,recurring,debit,150,0,False,0,0,[],[],False,0,0,0,,,,0,False,False,False,,0,,0,,,[],0,1,[]
82,True,Mikrotik Router - Lease,recurring,debit,0,0,False,0,0,[],[],False,0,0,0,,,,0,False,False,False,,0,,0,,,[],0,1,[]
83,True,Mikrotik Router - Monthly Management Service,recurring,debit,9.95,0,False,0,0,[],[],False,0,0,0,,,,0,False,False,False,,0,,0,,,[],0,1,[]
84,True,Remote Location 1Mbps/256Kbps WIFI,recurring,debit,19.95,0,False,0,0,[],[],True,256,256,70,,,,0,False,False,False,,0,,0,,,[],0,1,[]
85,True,Remote Location 3G / 4G Internet Redundancy,recurring,debit,9.95,0,False,0,0,[],[],False,0,0,0,,,,0,False,False,False,,0,,0,,,[],0,1,[]
86,True,Static IP,recurring,debit,0,0,False,0,0,[],[],False,0,0,0,,,,0,False,False,False,,0,,0,,,[],0,1,[]
87,True,Telephone Lines,recurring,debit,1.25,0,False,0,0,[],[],False,0,0,0,,,,0,False,False,False,,0,,0,,,[],0,1,[]
88,True,Tower,recurring,debit,250,0,False,0,0,[],[],False,0,0,0,,,,0,False,False,False,,0,,0,,,[],0,1,[]
89,True,USB 3G/4G Backup,recurring,debit,50,0,False,0,0,[],[],False,0,0,0,,,,0,False,False,False,,0,,0,,,[],0,1,[]
90,True,VLAN DATA,recurring,debit,0,0,False,0,0,[],[],False,0,0,0,,,,0,False,False,False,,0,,0,,,[],0,1,[]
91,True,VLAN,recurring,debit,10,0,False,0,0,[],[],False,0,0,0,,,,0,False,False,False,,0,,0,,,[],0,1,[]
92,True,VOIP Service -  7 Lines,recurring,debit,209.65,0,False,0,0,[],[],False,0,0,0,,,,0,False,False,False,,0,,0,,,[],0,1,[]
93,True,VOIP Service - 1 Line,recurring,debit,29.95,0,False,0,0,[],[],False,0,0,0,,,,0,False,False,False,,0,,0,,,[],0,1,[]
94,True,VOIP Service - 3 Lines,recurring,debit,89.85,0,False,0,0,[],[],False,0,0,0,,,,0,False,False,False,,0,,0,,,[],0,1,[]
95,True,VOIP Service - 5 Lines,recurring,debit,149.75,0,False,0,0,[],[],False,0,0,0,,,,0,False,False,False,,0,,0,,,[],0,1,[]
96,True,WN Resi WDSL WAN 1Mbps,recurring,debit,29.95,0,False,0,0,[],[],True,1000,1000,70,,,,0,False,False,False,,0,,0,,,[],0,1,[]
97,True,WN WAN 1.5Mbps,recurring,debit,299.95,0,False,0,0,[],[],True,5000,5000,70,,,,0,False,False,False,,0,,0,,,[],0,1,[]
98,True,WN WAN 512Kbps,recurring,debit,119.95,0,False,0,0,[],[],True,512,512,70,,,,0,False,False,False,,0,,0,,,[],0,1,[]
99,True,WN WDSL WAN 1Mbps,recurring,debit,49.95,0,False,0,0,[],[],True,1000,1000,70,,,,0,False,False,False,,0,,0,,,[],0,1,[]
100,True,WN WDSL WAN 2Mbps,recurring,debit,59.95,0,False,0,0,[],[],True,2000,2000,70,,,,0,False,False,False,,0,,0,,,[],0,1,[]
101,True,WN WDSL WAN 4Mbps,recurring,debit,74.95,0,False,0,0,[],[],True,4000,4000,70,,,,0,False,False,False,,0,,0,,,[],0,1,[]
102,True,WN WDSL WAN 512Kbps,recurring,debit,39.95,0,False,0,0,[],[],True,512,512,70,,,,0,False,False,False,,0,,0,,,[],0,1,[]
103,True,Webhosting,recurring,debit,25,0,False,0,0,[],[],False,0,0,0,,,,0,False,False,False,,0,,0,,,[],0,1,[]
104,True,100 Mbps ISP DIA,recurring,debit,775,0,False,0,0,[],[],True,100000,100000,70,,,,0,False,False,False,,0,,0,,,[],0,1,[]
105,True,14 Static IP /28,recurring,debit,99,0,False,0,0,[],[],False,0,0,0,,,,0,False,False,False,,0,,0,,,[],0,1,[]
106,True,150 Emails Accounts,recurring,debit,50,0,False,0,0,[],[],False,0,0,0,,,,0,False,False,False,,0,,0,,,[],0,1,[]
107,True,Legacy Broadband Plan,recurring,debit,79.95,0,False,0,0,[],[],False,0,0,0,,,,0,False,False,False,,0,,0,,,[],0,1,[]
110,True,Test Credit 1 Month,expiring,credit,99,1,False,0,0,[],[],False,0,0,0,,,,0,False,False,False,,0,,0,,,[],0,1,[]
111,True,Reconnection Fee,one time,debit,50,0,False,0,0,[],[],False,0,0,0,,,,0,False,False,False,,0,,0,,,[],0,1,[]
113,True,Cable Drop,one time,debit,150,0,False,0,0,[],[],False,0,0,0,,,,0,False,False,False,,0,,0,,,[],0,1,[]
114,True,Double Upload to 20/6,recurring,debit,19.95,0,False,0,0,[],[],False,0,0,0,,,,0,False,False,False,,0,,0,,,[],0,1,[]
115,True,AERONET- 1 Year Contract Installation Fee,one time,debit,299,0,False,0,0,[],[],False,0,0,0,,,,0,False,False,False,,0,,0,,,[],0,1,[]
116,True,One Month Deposit,one time,debit,129.35,0,False,0,0,[],[],False,0,0,0,,,,0,False,False,False,,0,,0,,,[],0,1,[]
117,True,Gigabit1- (B2B) Rush Fee 1-3 days,one time,debit,99,0,False,0,0,[],[],False,0,0,0,,,,0,False,False,False,,0,,0,,,[],0,1,[]
118,True,Radio ePMP,one time,debit,139,0,False,0,0,[],[],False,0,0,0,,,,0,False,False,False,,0,,0,,,[],0,1,[]
119,True,Gigabit1 Installation Fee - 2 Year Term (Free Install Offer),one time,credit,199,0,False,0,0,[],[],False,0,0,0,,,,0,False,False,False,,0,,0,,,[],0,1,[]
120,True,Relocation Fee- 1 Year Contract Renewal,one time,debit,200,0,False,0,0,[],[],False,0,0,0,,,,0,False,False,False,,0,,0,,,[],0,1,[]
121,True,Adjustment,one time,debit,208,0,False,0,0,[],[],False,0,0,0,,,,0,False,False,False,,0,,0,,,[],0,1,[]
122,True,Lines Activation & Portability,one time,debit,14,0,False,0,0,[],[],False,0,0,0,,,,0,False,False,False,,0,,0,,,[],0,1,[]
125,True,AERONET- 2 Years Contract Installation Fee,one time,debit,199,0,False,0,0,[],[],False,0,0,0,,,,0,False,False,False,,0,,0,,,[],0,1,[]
127,True,Router Setup & Configuration,one time,debit,49.95,0,False,0,0,[],[],False,0,0,0,,,,0,False,False,False,,0,,0,,,[],0,1,[]
130,True,Gigabit1 Residential Installation Fee - 1 Year Term,one time,debit,99.95,0,False,0,0,[],[],False,0,0,0,,,,0,False,False,False,,0,,0,,,[],0,1,[]
131,True,AERONET- 3 Years Contract Installation Fee,one time,debit,99,0,False,0,0,[],[],False,0,0,0,,,,0,False,False,False,,0,,0,,,[],0,1,[]
133,True,-33% Off February Offer 2017,recurring,credit,50,0,False,0,0,[],[],False,0,0,0,,,,0,False,False,False,,0,,0,,,[],0,1,[]
134,True,AERONET- 2 Years Contract Installation Fee (B2B),one time,debit,199,0,False,0,0,[],[],False,0,0,0,,,,0,False,False,False,,0,,0,,,[],0,1,[]
135,True,Router Setup & Configuration (B2B),one time,debit,24.98,0,False,0,0,[],[],False,0,0,0,,,,0,False,False,False,,0,,0,,,[],0,1,[]
136,True,Gigabit1 Installation Fee - 3 Year Term,one time,debit,0,0,False,0,0,[],[],False,0,0,0,,,,0,False,False,False,,0,,0,,,[],0,1,[]
137,True,Gigabit1 Residential Rush Fee: 1-3 Days,one time,debit,99,0,False,0,0,[],[],False,0,0,0,,,,0,False,False,False,,0,,0,,,[],0,1,[]
138,True,Gigabit1 Residential Installation Fee - 2 Years Term,one time,debit,59.95,0,False,0,0,[],[],False,0,0,0,,,,0,False,False,False,,0,,0,,,[],0,1,[]
139,True,ATA Innomedia Converter Setup,one time,debit,49.95,0,False,0,0,[],[],False,0,0,0,,,,0,False,False,False,,0,,0,,,[],0,1,[]
144,True,SIP Trunk,recurring,debit,29.95,0,False,0,0,[],[],False,0,0,0,,,,0,False,False,False,,0,,0,,,[],0,1,[]
145,True,Call Appearance,recurring,debit,30.95,0,False,0,0,[],[],False,0,0,0,,,,0,False,False,False,,0,,0,,,[],0,1,[]
146,True,25% Off Customer Discount,recurring,credit,24.75,0,False,0,0,[],[],False,0,0,0,,,,0,False,False,False,,0,,0,,,[],0,1,[]
147,True,WN- 3 Years Contract Installation Fee,one time,debit,99.95,0,False,0,0,[],[],False,0,0,0,,,,0,False,False,False,,0,,0,,,[],0,1,[]
148,True,Special Price- AERO DIA 5Mbps,recurring,credit,120,0,False,0,0,[],[],False,0,0,0,,,,0,False,False,False,,0,,0,,,[],0,1,[]
149,True,2015 Giga1 Business  10/1 Mbps,recurring,debit,69,0,False,0,0,[],[],True,1000,10000,70,,,,0,False,False,False,,0,,0,,,[],0,1,[]
150,True,Double Upload to 14/4,recurring,debit,14.95,0,False,0,0,[],[],False,0,0,0,,,,0,False,False,False,,0,,0,,,[],0,1,[]
151,True,Carrier WAN 3Mbps,recurring,debit,249.95,0,False,0,0,[],[],True,3000,3000,70,,,,0,False,False,False,,0,,0,,,[],0,1,[]
152,True,Installation Fee- Special Event- Term (2) Days,one time,debit,499.95,0,False,0,0,[],[],False,0,0,0,,,,0,False,False,False,,0,,0,,,[],0,1,[]
153,True,Relocation Fee- 2 Years Contract Renewal,one time,debit,100,0,False,0,0,[],[],False,0,0,0,,,,0,False,False,False,,0,,0,,,[],0,1,[]
154,True,Relocation Fee (B2B)- 3 Years Contract Renewal,one time,debit,100,0,False,0,0,[],[],False,0,0,0,,,,0,False,False,False,,0,,0,,,[],0,1,[]
156,True,Installation Fee - 2 Year Term (Free Install Offer),one time,credit,199,0,False,0,0,[],[],False,0,0,0,,,,0,False,False,False,,0,,0,,,[],0,1,[]
157,True,First Free Month - 2014 AERO BDSL 14Mbps/2Mbps,expiring,credit,99,1,False,0,0,[],[],False,0,0,0,,,,0,False,False,False,,0,,0,,,[],0,1,[]
158,True,Relocation Fee (B2B)- No Contract Renewal,one time,debit,300,0,False,0,0,[],[],False,0,0,0,,,,0,False,False,False,,0,,0,,,[],0,1,[]
159,True,First Free Month - 2015 Giga1 Business 25/5Mbps,expiring,credit,129,1,False,0,0,[],[],False,0,0,0,,,,0,False,False,False,,0,,0,,,[],0,1,[]
160,True,AERONET- Rush Fee (B2B)- Expedite Installation: 3 Days,one time,debit,100,0,False,0,0,[],[],False,0,0,0,,,,0,False,False,False,,0,,0,,,[],0,1,[]
161,True,AERONET- 1 Year Contract Installation Fee (B2B),one time,debit,299,0,False,0,0,[],[],False,0,0,0,,,,0,False,False,False,,0,,0,,,[],0,1,[]
162,True,Double Upload to 25/10,recurring,debit,24.95,0,False,0,0,[],[],False,0,0,0,,,,0,False,False,False,,0,,0,,,[],0,1,[]
163,True,VPN Configuration (3 users),one time,debit,150,0,False,0,0,[],[],False,0,0,0,,,,0,False,False,False,,0,,0,,,[],0,1,[]
164,True,Cancellation Requested Prior Contract Exp. Date October 2017 (6 Months),one time,debit,354,0,False,0,0,[],[],False,0,0,0,,,,0,False,False,False,,0,,0,,,[],0,1,[]
165,True,First Free Month - 2015 Giga1 Residential 25 Mbps,expiring,credit,39.95,1,False,0,0,[],[],False,0,0,0,,,,0,False,False,False,,0,,0,,,[],0,1,[]
166,True,First Free Month - 2015 Giga1 Residential 50 Mbps,expiring,credit,49.95,1,False,0,0,[],[],False,0,0,0,,,,0,False,False,False,,0,,0,,,[],0,1,[]
167,True,First Free Month - 2015 Giga1 Business 50/10Mbps,expiring,credit,149,1,False,0,0,[],[],False,0,0,0,,,,0,False,False,False,,0,,0,,,[],0,1,[]
168,True,Relocation Fee Giga 1 Residential,one time,debit,150,0,False,0,0,[],[],False,0,0,0,,,,0,False,False,False,,0,,0,,,[],0,1,[]
169,True,First Free Month - 2014 AERO BDSL 7Mbps/1Mbps,expiring,credit,59,1,False,0,0,[],[],False,0,0,0,,,,0,False,False,False,,0,,0,,,[],0,1,[]
170,True,First Free Month - 2015 Giga1 Business 10/1Mbps,expiring,credit,69,1,False,0,0,[],[],False,0,0,0,,,,0,False,False,False,,0,,0,,,[],0,1,[]
171,True,ATA Innomedia Converter,recurring,debit,6.95,0,False,0,0,[],[],False,0,0,0,,,,0,False,False,False,,0,,0,,,[],0,1,[]
172,True,Planet IPX-330 VOIP PBX- Phone Board,recurring,debit,19.95,0,False,0,0,[],[],False,0,0,0,,,,0,False,False,False,,0,,0,,,[],0,1,[]
173,True,Planet VIP-5060PT Phone,recurring,debit,6.95,0,False,0,0,[],[],False,0,0,0,,,,0,False,False,False,,0,,0,,,[],0,1,[]
174,True,Return Payment Charge: Reason- Insufficient Funds,one time,debit,25,0,False,0,0,[],[],False,0,0,0,,,,0,False,False,False,,0,,0,,,[],0,1,[]
175,True,Return Payment Charge: Reason- Account Closed,one time,debit,25,0,False,0,0,[],[],False,0,0,0,,,,0,False,False,False,,0,,0,,,[],0,1,[]
176,True,First Free Month - 2015 Giga1 Residential 500 Mbps,expiring,credit,69.95,1,False,0,0,[],[],False,0,0,0,,,,0,False,False,False,,0,,0,,,[],0,1,[]
177,True,Installation Fee- 0 Months Contract Term,one time,debit,598,0,False,0,0,[],[],False,0,0,0,,,,0,False,False,False,,0,,0,,,[],0,1,[]
178,True,ATA Innomedia VOIP Converter 8pts,recurring,debit,29.95,0,False,0,0,[],[],False,0,0,0,,,,0,False,False,False,,0,,0,,,[],0,1,[]
179,True,AERO BDSL 5Mbps/1Mbps,recurring,debit,49.95,0,False,0,0,[],[],True,1000,7000,70,,,,0,False,False,False,,0,,0,,,[],0,1,[]
180,True,3 Years Contract Installation Fee (B2B),one time,debit,49.5,0,False,0,0,[],[],False,0,0,0,,,,0,False,False,False,,0,,0,,,[],0,1,[]
181,True,Fee,one time,debit,99,0,False,0,0,[],[],False,0,0,0,,,,0,False,False,False,,0,,0,,,[],0,1,[]
182,True,AERO WAN 250Mbps,recurring,debit,650,0,False,0,0,[],[],True,250000,250000,70,,,,0,False,False,False,,0,,0,,,[],0,1,[]
183,True,First Free Month - 2014 AERO BDSL 25Mbps/5Mbps,expiring,credit,199,1,False,0,0,[],[],False,0,0,0,,,,0,False,False,False,,0,,0,,,[],0,1,[]
184,True,BK 2017 Special Rate - 3Mbps DIA / Up to 50/10 WiFI / Managed Z1 Router  / 4G LTE Backup,recurring,debit,84,0,False,0,0,[],[],False,0,0,0,,,,0,False,False,False,,0,,0,,,[],0,1,[]
185,True,BK VOIP Service Single Line Activation,one time,debit,10,0,False,0,0,[],[],False,0,0,0,,,,0,False,False,False,,0,,0,,,[],0,1,[]
186,True,BK ATA Innomedia VOIP,one time,debit,50,0,False,0,0,[],[],False,0,0,0,,,,0,False,False,False,,0,,0,,,[],0,1,[]
188,True,First Free Month - 2016 AERO BDSL 20Mbps/3Mbps,expiring,credit,149,1,False,0,0,[],[],False,0,0,0,,,,0,False,False,False,,0,,0,,,[],0,1,[]
189,True,Installation PVC 200',one time,debit,600,0,False,0,0,[],[],False,0,0,0,,,,0,False,False,False,,0,,0,,,[],0,1,[]
191,True,DID Number,recurring,debit,1.75,0,False,0,0,[],[],False,0,0,0,,,,0,False,False,False,,0,,0,,,[],0,1,[]
192,True,VOIP Configuration,one time,debit,10,0,False,0,0,[],[],False,0,0,0,,,,0,False,False,False,,0,,0,,,[],0,1,[]
193,True,SIP Trunk Configuration,one time,debit,10,0,False,0,0,[],[],False,0,0,0,,,,0,False,False,False,,0,,0,,,[],0,1,[]
194,True,DID Number Configuration,one time,debit,10,0,False,0,0,[],[],False,0,0,0,,,,0,False,False,False,,0,,0,,,[],0,1,[]
195,True,Planet VIP-2020PT- VOIP Phone,recurring,debit,4.95,0,False,0,0,[],[],False,0,0,0,,,,0,False,False,False,,0,,0,,,[],0,1,[]
196,True,Planet VIP-8030NT- Conference Phone,recurring,debit,14.95,0,False,0,0,[],[],False,0,0,0,,,,0,False,False,False,,0,,0,,,[],0,1,[]
197,True,Planet GS-4210-POE Switch,recurring,debit,24.95,0,False,0,0,[],[],False,0,0,0,,,,0,False,False,False,,0,,0,,,[],0,1,[]
198,True,Fortinet 100d (12 months license),one time,debit,2420.62,0,False,0,0,[],[],False,0,0,0,,,,0,False,False,False,,0,,0,,,[],0,1,[]
199,True,CARRIER- 1 Year Contract Installation Fee,one time,debit,299,0,False,0,0,[],[],False,0,0,0,,,,0,False,False,False,,0,,0,,,[],0,1,[]
200,True,AERONET- Rush Fee (B2B)- Expedite Installation: Next Day,one time,debit,400,0,False,0,0,[],[],False,0,0,0,,,,0,False,False,False,,0,,0,,,[],0,1,[]
201,True,CARRIER- 3 Years Contract Installation Fee,one time,debit,99,0,False,0,0,[],[],False,0,0,0,,,,0,False,False,False,,0,,0,,,[],0,1,[]
202,True,Relocation Fee (Carrier),one time,debit,150,0,False,0,0,[],[],False,0,0,0,,,,0,False,False,False,,0,,0,,,[],0,1,[]
203,True,2017 Giga1 Business 1000/100 Mbps,recurring,debit,899,0,False,0,0,[],[],True,100000,1000000,70,,,,0,False,False,False,,0,,0,,,[],0,1,[]
204,True,Activation Fee,one time,debit,50,0,False,0,0,[],[],False,0,0,0,,,,0,False,False,False,,0,,0,,,[],0,1,[]
205,True,AERONET- Rush Fee- Expedite Installation: Next Day,one time,debit,400,0,False,0,0,[],[],False,0,0,0,,,,0,False,False,False,,0,,0,,,[],0,1,[]
206,True,Uncollected Tax B2B / Activation VOIP Lines,one time,debit,0.4,0,False,0,0,[],[],False,0,0,0,,,,0,False,False,False,,0,,0,,,[],0,1,[]
207,True,Uncollected Tax IVU / ATA Innomedia 2pts,one time,debit,5.75,0,False,0,0,[],[],False,0,0,0,,,,0,False,False,False,,0,,0,,,[],0,1,[]
208,True,VPNET Activation Fee,one time,debit,49.95,0,False,0,0,[],[],False,0,0,0,,,,0,False,False,False,,0,,0,,,[],0,1,[]
209,True,First Free Month - 2015 Giga1 Business 15/2Mbps,expiring,credit,99,1,False,0,0,[],[],False,0,0,0,,,,0,False,False,False,,0,,0,,,[],0,1,[]
210,True,First Free Month - 2015 Giga1 Residential 100 Mbps,expiring,credit,59.95,1,False,0,0,[],[],False,0,0,0,,,,0,False,False,False,,0,,0,,,[],0,1,[]
211,True,First Free Month -2015 Giga1 Dedicated Internet 10 Mbps,expiring,credit,199,1,False,0,0,[],[],False,0,0,0,,,,0,False,False,False,,0,,0,,,[],0,1,[]
212,True,Customer Discount 10% Off,recurring,credit,9.9,0,False,0,0,[],[],False,0,0,0,,,,0,False,False,False,,0,,0,,,[],0,1,[]
213,True,Additional Cable Drop,one time,debit,75,0,False,0,0,[],[],False,0,0,0,,,,0,False,False,False,,0,,0,,,[],0,1,[]
214,True,WN- 0 Months Contract,one time,debit,1999.95,0,False,0,0,[],[],False,0,0,0,,,,0,False,False,False,,0,,0,,,[],0,1,[]
215,True,AERONET- Rush Fee (B2B)- Expedite Installation: Second Day,one time,debit,200,0,False,0,0,[],[],False,0,0,0,,,,0,False,False,False,,0,,0,,,[],0,1,[]
216,True,Customer Discount 10% Off,recurring,credit,19.9,0,False,0,0,[],[],False,0,0,0,,,,0,False,False,False,,0,,0,,,[],0,1,[]
217,True,Carrier WAN 1.5Mbps,recurring,debit,149.95,0,False,0,0,[],[],False,0,0,0,,,,0,False,False,False,,0,,0,,,[],0,1,[]
218,True,No Term Contract- Installation Fee (Carrier),one time,debit,499,0,False,0,0,[],[],False,0,0,0,,,,0,False,False,False,,0,,0,,,[],0,1,[]
219,True,CARRIER- Rush Fee- Expedite Installation: Next Day,one time,debit,400,0,False,0,0,[],[],False,0,0,0,,,,0,False,False,False,,0,,0,,,[],0,1,[]
220,True,Relocation Fee (B2B)- 1 Year Contract Renewal,one time,debit,200,0,False,0,0,[],[],False,0,0,0,,,,0,False,False,False,,0,,0,,,[],0,1,[]
221,True,Relocation Fee (Carrier)- 3 Years Contract Renewal,one time,debit,100,0,False,0,0,[],[],False,0,0,0,,,,0,False,False,False,,0,,0,,,[],0,1,[]
222,True,2017 Giga1 Dedicated Internet 20 Mbps,recurring,debit,150,0,False,0,0,[],[],True,20000,20000,70,,,,0,False,False,False,,0,,0,,,[],0,1,[]
223,True,AERONET- 3 Years Contract Installation Fee (B2B),one time,debit,99,0,False,0,0,[],[],False,0,0,0,,,,0,False,False,False,,0,,0,,,[],0,1,[]
224,True,Relocation Fee Giga 1 Residential- (Same Building),one time,debit,49.95,0,False,0,0,[],[],False,0,0,0,,,,0,False,False,False,,0,,0,,,[],0,1,[]
225,True,Relocation Fee (Carrier)- No Contract Renewal,one time,debit,300,0,False,0,0,[],[],False,0,0,0,,,,0,False,False,False,,0,,0,,,[],0,1,[]
226,True,Equipment Upgrade,one time,debit,499,0,False,0,0,[],[],False,0,0,0,,,,0,False,False,False,,0,,0,,,[],0,1,[]
227,True,Double Upload to 7/2,recurring,debit,9.95,0,False,0,0,[],[],False,0,0,0,,,,0,False,False,False,,0,,0,,,[],0,1,[]
228,True,CARRIER- Rush Fee- Expedite Installation: Second Day,one time,debit,200,0,False,0,0,[],[],False,0,0,0,,,,0,False,False,False,,0,,0,,,[],0,1,[]
229,True,3 Years Contract Installation Fee,one time,debit,999.95,0,False,0,0,[],[],False,0,0,0,,,,0,False,False,False,,0,,0,,,[],0,1,[]
230,True,Relocation Fee (B2B)- 2 Years Contract Renewal,one time,debit,100,0,False,0,0,[],[],False,0,0,0,,,,0,False,False,False,,0,,0,,,[],0,1,[]
231,True,2 Years Contract Installation Fee (Carrier),one time,debit,199,0,False,0,0,[],[],False,0,0,0,,,,0,False,False,False,,0,,0,,,[],0,1,[]
232,True,Carrier WAN 10Mbps,recurring,debit,299.25,0,False,0,0,[],[],False,0,0,0,,,,0,False,False,False,,0,,0,,,[],0,1,[]
234,True,Cable Drop (B2B),one time,debit,150,0,False,0,0,[],[],False,0,0,0,,,,0,False,False,False,,0,,0,,,[],0,1,[]
235,True,Router Setup & Configuration (1 Year),one time,debit,99.9,0,False,0,0,[],[],False,0,0,0,,,,0,False,False,False,,0,,0,,,[],0,1,[]
236,True,Giga1- Cable Drop,one time,debit,50,0,False,0,0,[],[],False,0,0,0,,,,0,False,False,False,,0,,0,,,[],0,1,[]
237,True,Giga1- Cable Drop Cat5e,one time,debit,80,0,False,0,0,[],[],False,0,0,0,,,,0,False,False,False,,0,,0,,,[],0,1,[]
238,True,2017 Carrier DSL 10Mbps/1Mbps,recurring,debit,29,0,False,0,0,[],[],True,1000,10000,70,,,,0,False,False,False,,0,,0,,,[],0,1,[]
239,True,CARRIER- Technician Visit,one time,debit,150,0,False,0,0,[],[],False,0,0,0,,,,0,False,False,False,,0,,0,,,[],0,1,[]
240,True,2017 Carrier DSL 25Mbps/5Mbps,recurring,debit,79,0,False,0,0,[],[],True,5000,25000,70,,,,0,False,False,False,,0,,0,,,[],0,1,[]
241,True,First Free Month -2015 Giga1 Dedicated Internet 25 Mbps,expiring,credit,299,1,False,0,0,[],[],False,0,0,0,,,,0,False,False,False,,0,,0,,,[],0,1,[]
242,True,Carrier WAN 5Mbps,recurring,debit,399.95,0,False,0,0,[],[],False,0,0,0,,,,0,False,False,False,,0,,0,,,[],0,1,[]
243,True,2017 Carrier DSL 15Mbps/2Mbps,recurring,debit,39,0,False,0,0,[],[],True,2000,15000,70,,,,0,False,False,False,,0,,0,,,[],0,1,[]
244,True,CARRIER-  2 Years Contract Installation Fee Lit Building,one time,debit,49,0,False,0,0,[],[],False,0,0,0,,,,0,False,False,False,,0,,0,,,[],0,1,[]
245,True,Sale Equipment- ePMP 200,one time,debit,89.68,0,False,0,0,[],[],False,0,0,0,,,,0,False,False,False,,0,,0,,,[],0,1,[]
246,True,Fiber Optic- AERO DIA 10Mbps/10Mbps,recurring,debit,699,0,False,0,0,[],[],True,10000,10000,50,,,,0,False,False,False,,0,,0,,,[],0,1,[]
247,True,First Free Month -AERO DIA 20Mbps,expiring,credit,449,1,False,0,0,[],[],False,0,0,0,,,,0,False,False,False,,0,,0,,,[],0,1,[]
249,True,-33% Off May Offer 2017,recurring,credit,50,0,False,0,0,[],[],False,0,0,0,,,,0,False,False,False,,0,,0,,,[],0,1,[]
250,True,2017 Carrier DSL 20Mbps/3Mbps,recurring,debit,59,0,False,0,0,[],[],True,3000,20000,70,,,,0,False,False,False,,0,,0,,,[],0,1,[]
251,True,CARRIER- 2 Years Contract Installation Fee,one time,debit,149,0,False,0,0,[],[],False,0,0,0,,,,0,False,False,False,,0,,0,,,[],0,1,[]
252,True,Managed Router / Other,recurring,debit,9.95,0,False,0,0,[],[],False,0,0,0,,,,0,False,False,False,,0,,0,,,[],0,1,[]
253,True,Xclaim x2,recurring,debit,9.95,0,False,0,0,[],[],False,0,0,0,,,,0,False,False,False,,0,,0,,,[],0,1,[]
254,True,2017 Carrier DIA 10Mbps,recurring,debit,249,0,False,0,0,[],[],True,10000,10000,70,,,,0,False,False,False,,0,,0,,,[],0,1,[]
255,True,CARRIER- 1 Year Contract Installation Fee,one time,debit,199,0,False,0,0,[],[],False,0,0,0,,,,0,False,False,False,,0,,0,,,[],0,1,[]
256,True,Relocation Fee- No Contract Renewal,one time,debit,300,0,False,0,0,[],[],False,0,0,0,,,,0,False,False,False,,0,,0,,,[],0,1,[]
257,True,Router Setup & Configuration (B2B),one time,debit,49.95,0,False,0,0,[],[],False,0,0,0,,,,0,False,False,False,,0,,0,,,[],0,1,[]
258,True,CARRIER- 3 Years Contract Installation Fee,one time,debit,99,0,False,0,0,[],[],False,0,0,0,,,,0,False,False,False,,0,,0,,,[],0,1,[]
259,True,Access Point Configuration,one time,debit,99.95,0,False,0,0,[],[],False,0,0,0,,,,0,False,False,False,,0,,0,,,[],0,1,[]
260,True,Return Payment Charge: Reason- Payment Stopped,one time,debit,25,0,False,0,0,[],[],False,0,0,0,,,,0,False,False,False,,0,,0,,,[],0,1,[]
261,True,Managed Router / Cambium,recurring,debit,19.95,0,False,0,0,[],[],False,0,0,0,,,,0,False,False,False,,0,,0,,,[],0,1,[]
262,True,Sale Equipment- non customer,one time,debit,50,0,False,0,0,[],[],False,0,0,0,,,,0,False,False,False,,0,,0,,,[],0,1,[]
263,True,2017 Carrier DSL 50Mbps/10Mbps,recurring,debit,149,0,False,0,0,[],[],True,10000,50000,70,,,,0,False,False,False,,0,,0,,,[],0,1,[]
264,True,2017 Carrier (Fiber) DSL 50Mbps/10Mbps,recurring,debit,99,0,False,0,0,[],[],True,10000,50000,50,,,,0,False,False,False,,0,,0,,,[],0,1,[]
265,True,AERONET- Rush Fee- Expedite Installation: Second Day,one time,debit,200,0,False,0,0,[],[],False,0,0,0,,,,0,False,False,False,,0,,0,,,[],0,1,[]
266,True,Carrier DIA 20bps,recurring,debit,499,0,False,0,0,[],[],True,20000,20000,70,,,,0,False,False,False,,0,,0,,,[],0,1,[]
267,True,2017 Carrier DIA 1Mbps,recurring,debit,69,0,False,0,0,[],[],True,1000,1000,70,,,,0,False,False,False,,0,,0,,,[],0,1,[]
268,True,2017 Carrier DIA 5Mbps,recurring,debit,149,0,False,0,0,[],[],True,5000,5000,70,,,,0,False,False,False,,0,,0,,,[],0,1,[]
269,True,2017 Carrier DIA 25Mbps,recurring,debit,399,0,False,0,0,[],[],True,25000,25000,70,,,,0,False,False,False,,0,,0,,,[],0,1,[]
270,True,2017 Carrier DIA 50Mbps,recurring,debit,499,0,False,0,0,[],[],True,50000,50000,70,,,,0,False,False,False,,0,,0,,,[],0,1,[]
271,True,CARRIER- 1 Year Contract Installation Fee,one time,debit,999,0,False,0,0,[],[],False,0,0,0,,,,0,False,False,False,,0,,0,,,[],0,1,[]
272,True,Antenna Colocation BK SS,recurring,credit,129,0,False,0,0,[],[],False,0,0,0,,,,0,False,False,False,,0,,0,,,[],0,1,[]
273,True,AERONET- Rush Fee- Expedite Installation: Third Day,one time,debit,100,0,False,0,0,[],[],False,0,0,0,,,,0,False,False,False,,0,,0,,,[],0,1,[]
274,True,(6) Licencias de Meraki ($150.00up),one time,debit,900,0,False,0,0,[],[],False,0,0,0,,,,0,False,False,False,,0,,0,,,[],0,1,[]
275,True,10% descuento,one time,credit,90,0,False,0,0,[],[],False,0,0,0,,,,0,False,False,False,,0,,0,,,[],0,1,[]
276,True,Internal Point to Point Link,recurring,debit,39.95,0,False,0,0,[],[],False,0,0,0,,,,0,False,False,False,,0,,0,,,[],0,1,[]
277,True,Carrier WAN 1Mbps,recurring,debit,119.95,0,False,0,0,[],[],True,1000,1000,70,,,,0,False,False,False,,0,,0,,,[],0,1,[]
278,True,Lines Activation & Portability,one time,debit,10,0,False,0,0,[],[],False,0,0,0,,,,0,False,False,False,,0,,0,,,[],0,1,[]
279,True,Lines Activation & Portability (B2B),one time,debit,140,0,False,0,0,[],[],False,0,0,0,,,,0,False,False,False,,0,,0,,,[],0,1,[]
280,True,ATA Innomedia Converter Setup (B2B),one time,debit,49.95,0,False,0,0,[],[],False,0,0,0,,,,0,False,False,False,,0,,0,,,[],0,1,[]
281,True,Access Point Configuration (B2B),one time,debit,99.95,0,False,0,0,[],[],False,0,0,0,,,,0,False,False,False,,0,,0,,,[],0,1,[]
282,True,Static IP Address,recurring,debit,49.95,0,False,0,0,[],[],False,0,0,0,,,,0,False,False,False,,0,,0,,,[],0,1,[]
283,True,2015 Giga1 Dedicated Internet 250 Mbps,recurring,debit,1499,0,False,0,0,[],[],True,250000,250000,70,,,,0,False,False,False,,0,,0,,,[],0,1,[]
284,True,2016- 5 Static IP /29,recurring,debit,49,0,False,0,0,[],[],False,0,0,0,,,,0,False,False,False,,0,,0,,,[],0,1,[]
285,True,Customer Discount 10% Off,recurring,credit,49.9,0,False,0,0,[],[],False,0,0,0,,,,0,False,False,False,,0,,0,,,[],0,1,[]
286,True,Managed Router / Meraki MX64,recurring,debit,49.95,0,False,0,0,[],[],False,0,0,0,,,,0,False,False,False,,0,,0,,,[],0,1,[]
287,True,Router Setup & Configuration Meraki (2 Years),one time,debit,99.95,0,False,0,0,[],[],False,0,0,0,,,,0,False,False,False,,0,,0,,,[],0,1,[]
288,True,AERO Dedicated Internet Access 160Mbps/160Mbps,recurring,debit,2100,0,False,0,0,[],[],True,160000,160000,70,,,,0,False,False,False,,0,,0,,,[],0,1,[]
289,True,ATA Innomedia 2pts,recurring,debit,4.95,0,False,0,0,[],[],False,0,0,0,,,,0,False,False,False,,0,,0,,,[],0,1,[]
290,True,Router Setup & Configuration Meraki (B2B),one time,debit,99.95,0,False,0,0,[],[],False,0,0,0,,,,0,False,False,False,,0,,0,,,[],0,1,[]
291,True,Fiber Optic- 1GB,recurring,debit,1500,0,False,0,0,[],[],False,0,0,0,,,,0,False,False,False,,0,,0,,,[],0,1,[]
292,True,254 Static IP Address /24,recurring,debit,499,0,False,0,0,[],[],False,0,0,0,,,,0,False,False,False,,0,,0,,,[],0,1,[]
293,True,Relocation Fee (Carrier)- 2 Years Contract Renewal,one time,debit,100,0,False,0,0,[],[],False,0,0,0,,,,0,False,False,False,,0,,0,,,[],0,1,[]
294,True,AERO DIA 1.5Mbps/1.5Mbps | AERO BDSL 14Mbps/2Mbps WiFi | Static IP (Included) | Back up Service (SIM Card) | Managed Router FortiWifi-30E | (2)Managed Cisco 508 Phones | (2)Managed Cisco 303 Phones,recurring,debit,136.3,0,False,0,0,[],[],False,0,0,0,,,,0,False,False,False,,0,,0,,,[],0,1,[]
295,True,Carrier WAN 25Mbps,recurring,debit,449.25,0,False,0,0,[],[],True,25000,25000,70,,,,0,False,False,False,,0,,0,,,[],0,1,[]
296,True,2017 AERO DIA Fiber Service 200Mbps / 200Mbps,recurring,debit,1400,0,False,0,0,[],[],True,199996,200000,50,,,,0,False,False,False,,0,,0,,,[],0,1,[]
297,True,1 Year Contract Fiber Service Installation Fee (Carrier),one time,debit,950,0,False,0,0,[],[],False,0,0,0,,,,0,False,False,False,,0,,0,,,[],0,1,[]
298,True,2017 AERO DIA Fiber Service 100Mbps / 100Mbps,recurring,debit,900,0,False,0,0,[],[],True,100000,100000,50,,,,0,False,False,False,,0,,0,,,[],0,1,[]
299,True,2017 AERO DIA Fiber Service 50Mbps / 50Mbps,recurring,debit,775,0,False,0,0,[],[],True,50000,50000,50,,,,0,False,False,False,,0,,0,,,[],0,1,[]
300,True,2017 AERO DIA Fiber Service 250Mbps / 250Mbps,recurring,debit,1400,0,False,0,0,[],[],True,250000,250000,50,,,,0,False,False,False,,0,,0,,,[],0,1,[]
301,True,1 Year Contract Service Installation Fee (Carrier),one time,debit,900,0,False,0,0,[],[],False,0,0,0,,,,0,False,False,False,,0,,0,,,[],0,1,[]
302,True,AERONET- 1 Year Contract Installation Fee,one time,debit,1499,0,False,0,0,[],[],False,0,0,0,,,,0,False,False,False,,0,,0,,,[],0,1,[]
303,True,AERONET- 2 Years Contract Installation Fee,one time,debit,999,0,False,0,0,[],[],False,0,0,0,,,,0,False,False,False,,0,,0,,,[],0,1,[]
304,True,De-installation Fee (Aeronet),one time,debit,250,0,False,0,0,[],[],False,0,0,0,,,,0,False,False,False,,0,,0,,,[],0,1,[]
305,True,2017 AERO DIA Fiber Service 75Mbps / 75Mbps,recurring,debit,850,0,False,0,0,[],[],True,75000,75000,50,,,,0,False,False,False,,0,,0,,,[],0,1,[]
306,True,Double Upload to 50/20,recurring,debit,39.95,0,False,0,0,[],[],True,20000,50000,10,,,,0,False,False,False,,0,,0,,,[],0,1,[]
307,True,2017 AERO DIA Fiber Service 250Mbps / 250Mbps,recurring,debit,1500,0,False,0,0,[],[],True,250000,250000,50,,,,0,False,False,False,,0,,0,,,[],0,1,[]
308,True,Router Setup & Configuration (FL),one time,debit,99.95,0,False,0,0,[],[],False,0,0,0,,,,0,False,False,False,,0,,0,,,[],0,1,[]
309,True,No Term Contract- Installation Fee,one time,debit,599,0,False,0,0,[],[],False,0,0,0,,,,0,False,False,False,,0,,0,,,[],0,1,[]
310,True,Setup and Equipments Configuration,one time,debit,499.5,0,False,0,0,[],[],False,0,0,0,,,,0,False,False,False,,0,,0,,,[],0,1,[]
311,True,2017 Giga1 Business 350/75 Mbps,recurring,debit,219,0,False,0,0,[],[],True,75000,350000,70,,,,0,False,False,False,,0,,0,,,[],0,1,[]
312,True,2017 AERO DIA Fiber Service 25Mbps / 25Mbps,recurring,debit,650,0,False,0,0,[],[],True,25000,25000,50,,,,0,False,False,False,,0,,0,,,[],0,1,[]
313,True,Lines Activation & Portability,one time,debit,50,0,False,0,0,[],[],False,0,0,0,,,,0,False,False,False,,0,,0,,,[],0,1,[]
314,True,Customer Discount - Exchange Fiber Optic,recurring,credit,399.95,0,False,0,0,[],[],False,0,0,0,,,,0,False,False,False,,0,,0,,,[],0,1,[]
315,True,Managed Router / Mikrotik 951,recurring,debit,6.95,0,False,0,0,[],[],False,0,0,0,,,,0,False,False,False,,0,,0,,,[],0,1,[]
316,True,2017 AERO DIA Service 25Mbps / 25Mbps,recurring,debit,450,0,False,0,0,[],[],True,25000,25000,70,,,,0,False,False,False,,0,,0,,,[],0,1,[]
317,True,2017 AERO DIA Service 250Mbps / 250Mbps,recurring,debit,1400,0,False,0,0,[],[],True,250000,250000,70,,,,0,False,False,False,,0,,0,,,[],0,1,[]
318,True,2017 AERO DIA Service 100Mbps / 100Mbps,recurring,debit,900,0,False,0,0,[],[],True,100000,100000,70,,,,0,False,False,False,,0,,0,,,[],0,1,[]
320,True,2017 Carrier FO 10Mbps/10Mbps,recurring,debit,89,0,False,0,0,[],[],True,10000,10000,50,,,,0,False,False,False,,0,,0,,,[],0,1,[]
321,True,PBX Hosted | SIP Trunk | DID | Call Appearance- Monthly charge divided by all localities,recurring,debit,141,0,False,0,0,[],[],False,0,0,0,,,,0,False,False,False,,0,,0,,,[],0,1,[]
323,True,No Term Contract- Installation Fee (Carrier),one time,debit,599,0,False,0,0,[],[],False,0,0,0,,,,0,False,False,False,,0,,0,,,[],0,1,[]
324,True,No Term Contract- Installation Fee (Carrier),one time,debit,499.95,0,False,0,0,[],[],False,0,0,0,,,,0,False,False,False,,0,,0,,,[],0,1,[]
325,True,AERONET- 3 Years Contract Installation Fee,one time,debit,499,0,False,0,0,[],[],False,0,0,0,,,,0,False,False,False,,0,,0,,,[],0,1,[]
326,True,De-installation Fee (Giga1),one time,debit,150,0,False,0,0,[],[],False,0,0,0,,,,0,False,False,False,,0,,0,,,[],0,1,[]
327,True,Return Payment Charge: Reason- Corporate customer advises not authorized,one time,debit,25,0,False,0,0,[],[],False,0,0,0,,,,0,False,False,False,,0,,0,,,[],0,1,[]
328,True,2017 Giga1 Dedicated FO 250 Mbps/ 250Mbps,recurring,debit,999,0,False,0,0,[],[],True,250000,250000,50,,,,0,False,False,False,,0,,0,,,[],0,1,[]
329,True,2 Years Contract Installation Fee,recurring,debit,999,0,False,0,0,[],[],False,0,0,0,,,,0,False,False,False,,0,,0,,,[],0,1,[]
330,True,Carrier WAN 512Kbps,recurring,debit,79.95,0,False,0,0,[],[],False,0,0,0,,,,0,False,False,False,,0,,0,,,[],0,1,[]
331,True,Lines Activation & Portability-(n/t),one time,debit,10,0,False,0,0,[],[],False,0,0,0,,,,0,False,False,False,,0,,0,,,[],0,1,[]
332,True,Router Setup & Configuration (n/t),one time,debit,49.95,0,False,0,0,[],[],False,0,0,0,,,,0,False,False,False,,0,,0,,,[],0,1,[]
333,True,Customer Discount 15% Off,recurring,credit,29.85,0,False,0,0,[],[],False,0,0,0,,,,0,False,False,False,,0,,0,,,[],0,1,[]
334,True,Return Payment Charge: Reason- Cardholder does not recognize transaction,one time,debit,25,0,False,0,0,[],[],False,0,0,0,,,,0,False,False,False,,0,,0,,,[],0,1,[]
335,True,Customer Discount - Site,recurring,credit,79.95,0,False,0,0,[],[],False,0,0,0,,,,0,False,False,False,,0,,0,,,[],0,1,[]
336,True,2017 AERO BDSL 15Mbps/2Mbps,recurring,debit,69,0,False,0,0,[],[],True,1999,15000,70,,,,0,False,False,False,,0,,0,,,[],0,1,[]
337,True,Installation Fee - 3 Years Term (Free Install Offer),one time,credit,99,0,False,0,0,[],[],False,0,0,0,,,,0,False,False,False,,0,,0,,,[],0,1,[]
338,True,2017 Giga1 Dedicated Internet 5Mbps,recurring,debit,99,0,False,0,0,[],[],True,5000,5000,50,,,,0,False,False,False,,0,,0,,,[],0,1,[]
339,True,Fiber Optic- WAN 1Gbps/1Gbps,recurring,debit,1895,0,False,0,0,[],[],True,1000000,1000000,50,,,,0,False,False,False,,0,,0,,,[],0,1,[]
340,True,No Term Contract- Installation Fee,one time,debit,499.95,0,False,0,0,[],[],False,0,0,0,,,,0,False,False,False,,0,,0,,,[],0,1,[]
341,True,2 Years Contract Installation Fee (B2B),one time,debit,99.5,0,False,0,0,[],[],False,0,0,0,,,,0,False,False,False,,0,,0,,,[],0,1,[]
342,True,Managed Router / Cambium,recurring,debit,19.9,0,False,0,0,[],[],False,0,0,0,,,,0,False,False,False,,0,,0,,,[],0,1,[]
343,True,Equipment Upgrade- Antenna,one time,debit,300,0,False,0,0,[],[],False,0,0,0,,,,0,False,False,False,,0,,0,,,[],0,1,[]
344,True,Customer Discount 15% Off,recurring,credit,14.85,0,False,0,0,[],[],False,0,0,0,,,,0,False,False,False,,0,,0,,,[],0,1,[]
345,True,2017 AERO DIA 10Mbps/10Mbps,recurring,debit,299,0,False,0,0,[],[],True,10000,10000,70,,,,0,False,False,False,,0,,0,,,[],0,1,[]
346,True,2017 AERO BDSL 25Mbps/5Mbps,recurring,debit,149,0,False,0,0,[],[],True,5000,25000,70,,,,0,False,False,False,,0,,0,,,[],0,1,[]
347,True,2017 AERO BDSL 20Mbps/3Mbps,recurring,debit,99,0,False,0,0,[],[],True,3000,20000,70,,,,0,False,False,False,,0,,0,,,[],0,1,[]
348,True,Customer Discount,recurring,credit,34.9,0,False,0,0,[],[],False,0,0,0,,,,0,False,False,False,,0,,0,,,[],0,1,[]
349,True,2017 Giga1 Business- 1 Year Contract Installation Fee,one time,debit,125,0,False,0,0,[],[],False,0,0,0,,,,0,False,False,False,,0,,0,,,[],0,1,[]
350,True,Static IP Customer Discount 10% Off,recurring,credit,5,0,False,0,0,[],[],False,0,0,0,,,,0,False,False,False,,0,,0,,,[],0,1,[]
351,True,2017 AERO DIA Service 25Mbps / 25Mbps,recurring,debit,399,0,False,0,0,[],[],True,25000,25000,70,,,,0,False,False,False,,0,,0,,,[],0,1,[]
352,True,2 Years Contract Installation Fee,recurring,debit,399,0,False,0,0,[],[],False,0,0,0,,,,0,False,False,False,,0,,0,,,[],0,1,[]
353,True,2017 Giga1 Business 250/50 Mbps,recurring,debit,199,0,False,0,0,[],[],True,50000,250000,50,,,,0,False,False,False,,0,,0,,,[],0,1,[]
354,True,2017 AERO DIA Services 50Mbps / 50Mbps,recurring,debit,599,0,False,0,0,[],[],False,0,0,0,,,,0,False,False,False,,0,,0,,,[],0,1,[]
355,True,2017- 2 Years Contract Installation Fee,recurring,debit,499,0,False,0,0,[],[],False,0,0,0,,,,0,False,False,False,,0,,0,,,[],0,1,[]
356,True,2017 AERO BDSL Internet Access up to 20Mbps / up to 3Mbps,recurring,debit,99,0,False,0,0,[],[],True,3000,20000,70,,,,0,False,False,False,,0,,0,,,[],0,1,[]
357,True,2017 Giga1 Dedicated Internet 1 Gbps,recurring,debit,999,0,False,0,0,[],[],True,1000000,1000000,50,,,,0,False,False,False,,0,,0,,,[],0,1,[]
358,True,Xclaim x0,recurring,debit,19.95,0,False,0,0,[],[],False,0,0,0,,,,0,False,False,False,,0,,0,,,[],0,1,[]
359,True,2017 AERO BDSL 50Mbps/10Mbps,recurring,debit,199,0,False,0,0,[],[],True,10000,50000,70,,,,0,False,False,False,,0,,0,,,[],0,1,[]
360,True,2017 Giga1 Business 50/10 Mbps,recurring,debit,129,0,False,0,0,[],[],True,1000,50000,50,,,,0,False,False,False,,0,,0,,,[],0,1,[]
361,True,2017 Giga1 Business 500/100 Mbps,recurring,debit,299,0,False,0,0,[],[],True,100000,500000,50,,,,0,False,False,False,,0,,0,,,[],0,1,[]
362,True,Managed Router / Meraki MX64 ADV,recurring,debit,79.95,0,False,0,0,[],[],False,0,0,0,,,,0,False,False,False,,0,,0,,,[],0,1,[]
363,True,2017 Giga1 Business- 2 Years Contract Installation Fee,one time,debit,75,0,False,0,0,[],[],False,0,0,0,,,,0,False,False,False,,0,,0,,,[],0,1,[]
364,True,AERONET- 1 Year Contract Installation Fee DIA Service,one time,debit,999,0,False,0,0,[],[],False,0,0,0,,,,0,False,False,False,,0,,0,,,[],0,1,[]
365,True,2017 Giga1 Dedicated Internet 500 Mbps,recurring,debit,1999,0,False,0,0,[],[],True,500000,500000,50,,,,0,False,False,False,,0,,0,,,[],0,1,[]
366,True,Double Upload to 15/4,recurring,debit,14.95,0,False,0,0,[],[],False,0,0,0,,,,0,False,False,False,,0,,0,,,[],0,1,[]
367,True,2017 AERO DIA Service 100Mbps / 100Mbps,recurring,debit,899,0,False,0,0,[],[],True,100000,100000,70,,,,0,False,False,False,,0,,0,,,[],0,1,[]
368,True,2017 AERO DIA Service 500Mbps / 500Mbps,recurring,debit,1999,0,False,0,0,[],[],False,0,0,0,,,,0,False,False,False,,0,,0,,,[],0,1,[]
369,True,2017 Giga1 Business 100/25 Mbps,recurring,debit,149,0,False,0,0,[],[],False,0,0,0,,,,0,False,False,False,,0,,0,,,[],0,1,[]
370,True,2017 Giga1 Dedicated Internet 25 Mbps,recurring,debit,399,0,False,0,0,[],[],False,0,0,0,,,,0,False,False,False,,0,,0,,,[],0,1,[]
371,True,2017 AERO DIA Service 5Mbps / 5Mbps,recurring,debit,199,0,False,0,0,[],[],False,0,0,0,,,,0,False,False,False,,0,,0,,,[],0,1,[]
373,True,ATA Innomedia 4pts,recurring,debit,19.95,0,False,0,0,[],[],False,0,0,0,,,,0,False,False,False,,0,,0,,,[],0,1,[]
374,True,2017- No Term Contract Installation Fee (Month to Month),one time,debit,1499,0,False,0,0,[],[],False,0,0,0,,,,0,False,False,False,,0,,0,,,[],0,1,[]
375,True,CARRIER- No Term Contract- Installation Fee,one time,debit,1999,0,False,0,0,[],[],False,0,0,0,,,,0,False,False,False,,0,,0,,,[],0,1,[]
376,True,AERONET- 1 Year Contract Installation Fee Symmetrical Service,one time,debit,999,0,False,0,0,[],[],False,0,0,0,,,,0,False,False,False,,0,,0,,,[],0,1,[]
377,True,2017 Giga1 Dedicated Internet 50Mbps,recurring,debit,599,0,False,0,0,[],[],False,0,0,0,,,,0,False,False,False,,0,,0,,,[],0,1,[]
378,True,CARRIER- 1 Year Contract Installation Fee Lit Building,one time,debit,99,0,False,0,0,[],[],False,0,0,0,,,,0,False,False,False,,0,,0,,,[],0,1,[]
379,True,Basic Circuit Configuration,one time,debit,200,0,False,0,0,[],[],False,0,0,0,,,,0,False,False,False,,0,,0,,,[],0,1,[]
380,True,AERONET- No Term Contract Installation Fee (Month to Month),one time,debit,1999,0,False,0,0,[],[],False,0,0,0,,,,0,False,False,False,,0,,0,,,[],0,1,[]
381,True,Static IP,recurring,debit,15,0,False,0,0,[],[],False,0,0,0,,,,0,False,False,False,,0,,0,,,[],0,1,[]
382,True,2017 Giga1 Dedicated Internet 10 Mbps,recurring,debit,299,0,False,0,0,[],[],False,0,0,0,,,,0,False,False,False,,0,,0,,,[],0,1,[]
383,True,2017- 1 Year Contract Installation Fee,one time,debit,250,0,False,0,0,[],[],False,0,0,0,,,,0,False,False,False,,0,,0,,,[],0,1,[]
384,True,2017 AERO DIA Service 250Mbps / 250Mbps,recurring,debit,1499,0,False,0,0,[],[],False,0,0,0,,,,0,False,False,False,,0,,0,,,[],0,1,[]
385,True,2017 Giga1 Business 25/5 Mbps,recurring,debit,99,0,False,0,0,[],[],False,0,0,0,,,,0,False,False,False,,0,,0,,,[],0,1,[]
386,True,AERONET- 3 Years Contract Installation Fee Symmetrical Service,one time,debit,299,0,False,0,0,[],[],False,0,0,0,,,,0,False,False,False,,0,,0,,,[],0,1,[]
387,True,2017 AERO WAN 100Mbps,recurring,debit,599,0,False,0,0,[],[],False,0,0,0,,,,0,False,False,False,,0,,0,,,[],0,1,[]
388,True,BGP Configuration,one time,debit,500,0,False,0,0,[],[],False,0,0,0,,,,0,False,False,False,,0,,0,,,[],0,1,[]
389,True,Setup & Configuration,recurring,debit,199,0,False,0,0,[],[],False,0,0,0,,,,0,False,False,False,,0,,0,,,[],0,1,[]
390,True,Canopy 450D,one time,debit,339,0,False,0,0,[],[],False,0,0,0,,,,0,False,False,False,,0,,0,,,[],0,1,[]
391,True,PBX Hosted Configuration Fee,one time,debit,99,0,False,0,0,[],[],False,0,0,0,,,,0,False,False,False,,0,,0,,,[],0,1,[]
392,True,2017 Carrier WAN 250Mbps,recurring,debit,1499,0,False,0,0,[],[],False,0,0,0,,,,0,False,False,False,,0,,0,,,[],0,1,[]
393,True,2017 Carrier WAN 50Mbps,recurring,debit,499,0,False,0,0,[],[],False,0,0,0,,,,0,False,False,False,,0,,0,,,[],0,1,[]
394,True,Puerto 50M Site San Sebastian,recurring,debit,500,0,False,0,0,[],[],False,0,0,0,,,,0,False,False,False,,0,,0,,,[],0,1,[]
395,True,CARRIER- 3 Years Contract Installation Fee,one time,debit,499,0,False,0,0,[],[],False,0,0,0,,,,0,False,False,False,,0,,0,,,[],0,1,[]
396,True,2017 AERO DIA Service 200Mbps / 200Mbps,recurring,debit,2600,0,False,0,0,[],[],False,0,0,0,,,,0,False,False,False,,0,,0,,,[],0,1,[]
397,True,Customer Discount 15% Off,recurring,credit,89.85,0,False,0,0,[],[],False,0,0,0,,,,0,False,False,False,,0,,0,,,[],0,1,[]
398,True,AP Epmp 2000,recurring,debit,516,0,False,0,0,[],[],False,0,0,0,,,,0,False,False,False,,0,,0,,,[],0,1,[]
399,True,Cambium Antenna 90/120,recurring,debit,175,0,False,0,0,[],[],False,0,0,0,,,,0,False,False,False,,0,,0,,,[],0,1,[]
400,True,Cambium Smart Antenna,one time,debit,359,0,False,0,0,[],[],False,0,0,0,,,,0,False,False,False,,0,,0,,,[],0,1,[]
401,True,Customer Discount,recurring,credit,20,0,False,0,0,[],[],False,0,0,0,,,,0,False,False,False,,0,,0,,,[],0,1,[]
402,True,Equipment Configuration,one time,debit,50,0,False,0,0,[],[],False,0,0,0,,,,0,False,False,False,,0,,0,,,[],0,1,[]
403,True,2017 AERO WAN 250Mbps / 250Mbps,recurring,debit,799,0,False,0,0,[],[],False,0,0,0,,,,0,False,False,False,,0,,0,,,[],0,1,[]
404,True,2017 Carrier WAN 25Mbps,recurring,debit,345,0,False,0,0,[],[],False,0,0,0,,,,0,False,False,False,,0,,0,,,[],0,1,[]
405,True,CARRIER- 2 Years Contract Installation Fee Symmetrical Service,one time,debit,499,0,False,0,0,[],[],False,0,0,0,,,,0,False,False,False,,0,,0,,,[],0,1,[]
406,True,2017 AERO WAN 50Mbps,recurring,debit,499,0,False,0,0,[],[],False,0,0,0,,,,0,False,False,False,,0,,0,,,[],0,1,[]
407,True,2017 AERO WAN 500Mbps,recurring,debit,999,0,False,0,0,[],[],False,0,0,0,,,,0,False,False,False,,0,,0,,,[],0,1,[]
408,True,Switch Netonix,one time,debit,399,0,False,0,0,[],[],False,0,0,0,,,,0,False,False,False,,0,,0,,,[],0,1,[]
409,True,VPN Configuration,one time,debit,149.95,0,False,0,0,[],[],False,0,0,0,,,,0,False,False,False,,0,,0,,,[],0,1,[]
410,True,Puerto 50M Site Arecibo,recurring,debit,559.2,0,False,0,0,[],[],False,0,0,0,,,,0,False,False,False,,0,,0,,,[],0,1,[]
411,True,2017 Carrier DIA 25Mbps/25Mbps,recurring,debit,109,0,False,0,0,[],[],False,0,0,0,,,,0,False,False,False,,0,,0,,,[],0,1,[]
412,True,CARRIER- No Term Contract Installation Fee Lit Building,one time,debit,199,0,False,0,0,[],[],False,0,0,0,,,,0,False,False,False,,0,,0,,,[],0,1,[]
413,True,Relocation Fee (Carrier)- 1 Year Contract Renewal,one time,debit,200,0,False,0,0,[],[],False,0,0,0,,,,0,False,False,False,,0,,0,,,[],0,1,[]
414,True,2017 Carrier DSL 15Mbps/2Mbps,recurring,debit,59,0,False,0,0,[],[],False,0,0,0,,,,0,False,False,False,,0,,0,,,[],0,1,[]
415,True,Mikrotik 2011 - Monthly Management Service,recurring,debit,19.9,0,False,0,0,[],[],False,0,0,0,,,,0,False,False,False,,0,,0,,,[],0,1,[]
416,True,AERONET- 1 Year Contract Installation Fee Symmetrical Service (B2B),one time,debit,999,0,False,0,0,[],[],False,0,0,0,,,,0,False,False,False,,0,,0,,,[],0,1,[]
417,True,Xclaim x3,recurring,debit,14.95,0,False,0,0,[],[],False,0,0,0,,,,0,False,False,False,,0,,0,,,[],0,1,[]
418,True,2017 AERO WAN 25Mbps,recurring,debit,399,0,False,0,0,[],[],False,0,0,0,,,,0,False,False,False,,0,,0,,,[],0,1,[]
419,True,2017 Carrier FO 5Mbps/5Mbps,recurring,debit,69,0,False,0,0,[],[],False,0,0,0,,,,0,False,False,False,,0,,0,,,[],0,1,[]
420,True,Tuberia 80',recurring,debit,160,0,False,0,0,[],[],False,0,0,0,,,,0,False,False,False,,0,,0,,,[],0,1,[]
421,True,2017 Carrier DIA 100Mbps,recurring,debit,639.2,0,False,0,0,[],[],False,0,0,0,,,,0,False,False,False,,0,,0,,,[],0,1,[]
422,True,Microwave Link Upgrade / Technician Visit,one time,debit,399,0,False,0,0,[],[],False,0,0,0,,,,0,False,False,False,,0,,0,,,[],0,1,[]
423,True,"2017 Giga1 Business Dedicated 1,000Mbps / 1,000Mbps",recurring,debit,5995,0,False,0,0,[],[],False,0,0,0,,,,0,False,False,False,,0,,0,,,[],0,1,[]
424,True,3 Years Contract Installation Fee,one time,debit,998,0,False,0,0,[],[],False,0,0,0,,,,0,False,False,False,,0,,0,,,[],0,1,[]
425,True,Managed Router / Meraki MX100,recurring,debit,499,0,False,0,0,[],[],False,0,0,0,,,,0,False,False,False,,0,,0,,,[],0,1,[]
426,True,Router Setup & Configuration Meraki MX100,one time,debit,599,0,False,0,0,[],[],False,0,0,0,,,,0,False,False,False,,0,,0,,,[],0,1,[]
427,True,2017 Giga1 Business 15/2 Mbps,recurring,debit,69,0,False,0,0,[],[],False,0,0,0,,,,0,False,False,False,,0,,0,,,[],0,1,[]
428,True,3 Years Contract Installation Fee,one time,debit,599,0,False,0,0,[],[],False,0,0,0,,,,0,False,False,False,,0,,0,,,[],0,1,[]
429,True,Radio / Modelo 450D,one time,debit,377.97,0,False,0,0,[],[],False,0,0,0,,,,0,False,False,False,,0,,0,,,[],0,1,[]
430,True,Carrier DIA 3Mbps,recurring,debit,159.2,0,False,0,0,[],[],False,0,0,0,,,,0,False,False,False,,0,,0,,,[],0,1,[]
431,True,Radio ePMP 190,one time,debit,110.52,0,False,0,0,[],[],False,0,0,0,,,,0,False,False,False,,0,,0,,,[],0,1,[]
432,True,2017 Carrier FO 100Mbps/100Mbps,recurring,debit,249,0,False,0,0,[],[],False,0,0,0,,,,0,False,False,False,,0,,0,,,[],0,1,[]
433,True,2017 Carrier DIA 150Mbps,recurring,debit,999,0,False,0,0,[],[],False,0,0,0,,,,0,False,False,False,,0,,0,,,[],0,1,[]
434,True,Return Payment Charge: Reason- Cancel recurring transaction,recurring,debit,25,0,False,0,0,[],[],False,0,0,0,,,,0,False,False,False,,0,,0,,,[],0,1,[]
435,True,2017 Carrier WAN 150Mbps,recurring,debit,1299,0,False,0,0,[],[],False,0,0,0,,,,0,False,False,False,,0,,0,,,[],0,1,[]
436,True,Family & Friends Discount 25%,recurring,credit,17.25,0,False,0,0,[],[],False,0,0,0,,,,0,False,False,False,,0,,0,,,[],0,1,[]
438,True,Customer Discount 20% Off,recurring,credit,119.8,0,False,0,0,[],[],False,0,0,0,,,,0,False,False,False,,0,,0,,,[],0,1,[]
439,True,2017 AERO BDSL 100Mbps/25Mbps,recurring,debit,499,0,False,0,0,[],[],False,0,0,0,,,,0,False,False,False,,0,,0,,,[],0,1,[]
440,True,Customer Discount 10% Off,recurring,credit,89.9,0,False,0,0,[],[],False,0,0,0,,,,0,False,False,False,,0,,0,,,[],0,1,[]
441,True,Radio ePMP 200,one time,debit,134.21,0,False,0,0,[],[],False,0,0,0,,,,0,False,False,False,,0,,0,,,[],0,1,[]
442,True,Colocation Crown Castle,recurring,debit,175,0,False,0,0,[],[],False,0,0,0,,,,0,False,False,False,,0,,0,,,[],0,1,[]
443,True,2017- 2 Years Contract Installation Fee (Carrier),one time,debit,75,0,False,0,0,[],[],False,0,0,0,,,,0,False,False,False,,0,,0,,,[],0,1,[]
444,True,Installation Fee- 50% Off (3 Years Contract),one time,credit,49.5,0,False,0,0,[],[],False,0,0,0,,,,0,False,False,False,,0,,0,,,[],0,1,[]
445,True,1 Year Contract Installation Fee (Carrier),recurring,debit,399.95,0,False,0,0,[],[],False,0,0,0,,,,0,False,False,False,,0,,0,,,[],0,1,[]
446,True,2017 Giga1 Dedicated Internet 25Mbps,recurring,debit,599,0,False,0,0,[],[],False,0,0,0,,,,0,False,False,False,,0,,0,,,[],0,1,[]
447,False,(2) Access Point Wifi Meraki MR,recurring,debit,59.95,0,False,0,0,[],[],False,0,0,0,,,,0,False,False,False,,0,,0,,,[],0,1,[]
448,True,Configuration and Setup Fee,one time,debit,149.85,0,False,0,0,[],[],False,0,0,0,,,,0,False,False,False,,0,,0,,,[],0,1,[]
449,True,Equipment Upgrade- Antenna,one time,debit,100,0,False,0,0,[],[],False,0,0,0,,,,0,False,False,False,,0,,0,,,[],0,1,[]
450,True,2017 AERO DIA Service 250Mbps / 250Mbps,recurring,debit,1999,0,False,0,0,[],[],False,0,0,0,,,,0,False,False,False,,0,,0,,,[],0,1,[]
451,True,2017 AERO F/O Service 500Mbps / 100Mbps,recurring,debit,899,0,False,0,0,[],[],False,0,0,0,,,,0,False,False,False,,0,,0,,,[],0,1,[]
453,True,Access Point Meraki MR33,recurring,debit,29.95,0,False,0,0,[],[],False,0,0,0,,,,0,False,False,False,,0,,0,,,[],0,1,[]
454,True,Radio ePMP 1000,one time,debit,102.62,0,False,0,0,[],[],False,0,0,0,,,,0,False,False,False,,0,,0,,,[],0,1,[]
455,True,CARRIER- 3 Years Contract Installation Fee,recurring,debit,499,0,False,0,0,[],[],False,0,0,0,,,,0,False,False,False,,0,,0,,,[],0,1,[]
456,True,Simultaneous Call Appearance,recurring,debit,29.95,0,False,0,0,[],[],False,0,0,0,,,,0,False,False,False,,0,,0,,,[],0,1,[]
457,True,Planet GS-4210-POE Switch Configuration,one time,debit,49.95,0,False,0,0,[],[],False,0,0,0,,,,0,False,False,False,,0,,0,,,[],0,1,[]
458,True,Planet VIP-5060PT Phone Configuration,one time,debit,119.8,0,False,0,0,[],[],False,0,0,0,,,,0,False,False,False,,0,,0,,,[],0,1,[]
459,True,(6) Access Points Meraki,recurring,debit,348,0,False,0,0,[],[],False,0,0,0,,,,0,False,False,False,,0,,0,,,[],0,1,[]
460,True,AERO DIA 400Mbps,recurring,debit,3900,0,False,0,0,[],[],False,0,0,0,,,,0,False,False,False,,0,,0,,,[],0,1,[]
461,True,Customer Discount 10% Off,recurring,credit,6.9,0,False,0,0,[],[],False,0,0,0,,,,0,False,False,False,,0,,0,,,[],0,1,[]
462,True,Special Price- AERO DIA 10Mbps,recurring,credit,130,0,False,0,0,[],[],False,0,0,0,,,,0,False,False,False,,0,,0,,,[],0,1,[]
463,True,Courtesy Discount 15% Off,one time,credit,13.32,0,False,0,0,[],[],False,0,0,0,,,,0,False,False,False,,0,,0,,,[],0,1,[]
464,True,Relocation Fee Giga 1 (Another Building),recurring,debit,100,0,False,0,0,[],[],False,0,0,0,,,,0,False,False,False,,0,,0,,,[],0,1,[]
465,True,Tuberia Adicional (250*$2.00),recurring,debit,500,0,False,0,0,[],[],False,0,0,0,,,,0,False,False,False,,0,,0,,,[],0,1,[]
466,True,Configuration and Setup Fee,one time,debit,99.95,0,False,0,0,[],[],False,0,0,0,,,,0,False,False,False,,0,,0,,,[],0,1,[]
467,True,Configuration and Setup Fee,one time,debit,49.95,0,False,0,0,[],[],False,0,0,0,,,,0,False,False,False,,0,,0,,,[],0,1,[]
468,True,Activation Fee,one time,debit,99,0,False,0,0,[],[],False,0,0,0,,,,0,False,False,False,,0,,0,,,[],0,1,[]
470,True,Relocation Order,one time,debit,900,0,False,0,0,[],[],False,0,0,0,,,,0,False,False,False,,0,,0,,,[],0,1,[]
471,True,2017 AERO WAN 10Mbps,recurring,debit,249,0,False,0,0,[],[],False,0,0,0,,,,0,False,False,False,,0,,0,,,[],0,1,[]
472,True,2017 AERO WAN 5Mbps,recurring,debit,179,0,False,0,0,[],[],False,0,0,0,,,,0,False,False,False,,0,,0,,,[],0,1,[]
473,True,Customer Discount 10% Off,recurring,credit,39.9,0,False,0,0,[],[],False,0,0,0,,,,0,False,False,False,,0,,0,,,[],0,1,[]
474,True,Return Payment Charge: Reason- Authorization Revoked by Customer,one time,debit,25,0,False,0,0,[],[],False,0,0,0,,,,0,False,False,False,,0,,0,,,[],0,1,[]
475,True,AERONET-  2 Years Contract Installation Fee Symmetrical Service,one time,debit,499,0,False,0,0,[],[],False,0,0,0,,,,0,False,False,False,,0,,0,,,[],0,1,[]
477,True,AERONET- 1 Year Contract Installation Fee,one time,debit,299,0,False,0,0,[],[],False,0,0,0,,,,0,False,False,False,,0,,0,,,[],0,1,[]
478,True,Customer Discount 10% Off,recurring,credit,11,0,False,0,0,[],[],False,0,0,0,,,,0,False,False,False,,0,,0,,,[],0,1,[]
479,True,Customer Discount 10% Off,one time,credit,5,0,False,0,0,[],[],False,0,0,0,,,,0,False,False,False,,0,,0,,,[],0,1,[]
480,True,Customer Discount 10% Off OT,one time,credit,19.9,0,False,0,0,[],[],False,0,0,0,,,,0,False,False,False,,0,,0,,,[],0,1,[]
481,True,AERO DIA 3Mbps,recurring,debit,109.99,0,False,0,0,[],[],False,0,0,0,,,,0,False,False,False,,0,,0,,,[],0,1,[]
482,True,Customer Discount 10% Off,recurring,credit,59.9,0,False,0,0,[],[],False,0,0,0,,,,0,False,False,False,,0,,0,,,[],0,1,[]
483,True,Customer Discount 10% Off,recurring,credit,4,0,False,0,0,[],[],False,0,0,0,,,,0,False,False,False,,0,,0,,,[],0,1,[]
484,True,Customer Discount 10% Off,one time,credit,10,0,False,0,0,[],[],False,0,0,0,,,,0,False,False,False,,0,,0,,,[],0,1,[]
485,True,Microwave Link Upgrade,one time,debit,299,0,False,0,0,[],[],False,0,0,0,,,,0,False,False,False,,0,,0,,,[],0,1,[]
486,True,Special Discount 50%,recurring,credit,34.5,0,False,0,0,[],[],False,0,0,0,,,,0,False,False,False,,0,,0,,,[],0,1,[]
487,True,Customer Discount 10% Off,recurring,credit,8,0,False,0,0,[],[],False,0,0,0,,,,0,False,False,False,,0,,0,,,[],0,1,[]
488,True,Activation Fee (B2B),one time,debit,50,0,False,0,0,[],[],False,0,0,0,,,,0,False,False,False,,0,,0,,,[],0,1,[]
489,True,Customer Discount 15% Off OT,one time,credit,74.85,0,False,0,0,[],[],False,0,0,0,,,,0,False,False,False,,0,,0,,,[],0,1,[]
490,True,Customer Discount 15% Off,recurring,credit,11.84,0,False,0,0,[],[],False,0,0,0,,,,0,False,False,False,,0,,0,,,[],0,1,[]
491,True,Managed Router Meraki Z1,recurring,debit,14.95,0,False,0,0,[],[],False,0,0,0,,,,0,False,False,False,,0,,0,,,[],0,1,[]
492,True,ATT Back up Service,recurring,debit,29.99,0,False,0,0,[],[],False,0,0,0,,,,0,False,False,False,,0,,0,,,[],0,1,[]
493,True,Customer Discount 10% Off Back up,recurring,credit,3,0,False,0,0,[],[],False,0,0,0,,,,0,False,False,False,,0,,0,,,[],0,1,[]
494,True,2017 AERO DIA Service 500Mbps / 500Mbps,recurring,debit,2999,0,False,0,0,[],[],False,0,0,0,,,,0,False,False,False,,0,,0,,,[],0,1,[]
495,True,2017 Giga1 Dedicated Internet 100 Mbps,recurring,debit,899,0,False,0,0,[],[],False,0,0,0,,,,0,False,False,False,,0,,0,,,[],0,1,[]
496,True,45U Two Post Rack,one time,debit,229,0,False,0,0,[],[],False,0,0,0,,,,0,False,False,False,,0,,0,,,[],0,1,[]
497,True,48 PTS Patch Panel,one time,debit,74.75,0,False,0,0,[],[],False,0,0,0,,,,0,False,False,False,,0,,0,,,[],0,1,[]
498,True,Customer Discount 15% Off,recurring,credit,37.34,0,False,0,0,[],[],False,0,0,0,,,,0,False,False,False,,0,,0,,,[],0,1,[]
499,True,Customer Discount 15% Off,recurring,credit,33.59,0,False,0,0,[],[],False,0,0,0,,,,0,False,False,False,,0,,0,,,[],0,1,[]
500,True,150'' PVC Pipe,one time,debit,300,0,False,0,0,[],[],False,0,0,0,,,,0,False,False,False,,0,,0,,,[],0,1,[]
501,True,Customer Discount 15% Off,recurring,credit,26.09,0,False,0,0,[],[],False,0,0,0,,,,0,False,False,False,,0,,0,,,[],0,1,[]
502,True,Rush Fee- Expedite Installation: Third Day (B2B),recurring,debit,100,0,False,0,0,[],[],False,0,0,0,,,,0,False,False,False,,0,,0,,,[],0,1,[]
503,True,Customer Discount 10% Off,one time,credit,99.9,0,False,0,0,[],[],False,0,0,0,,,,0,False,False,False,,0,,0,,,[],0,1,[]
504,True,2017 AERO DIA Fiber Service 25Mbps / 25Mbps,recurring,debit,599,0,False,0,0,[],[],False,0,0,0,,,,0,False,False,False,,0,,0,,,[],0,1,[]
505,True,Air Fiber 11FX Low-Band Duplexer,one time,debit,220.38,0,False,0,0,[],[],False,0,0,0,,,,0,False,False,False,,0,,0,,,[],0,1,[]
506,True,Half Installation Cost Discount,one time,credit,99.5,0,False,0,0,[],[],False,0,0,0,,,,0,False,False,False,,0,,0,,,[],0,1,[]
507,True,"2017 Giga1 Business Dedicated 1,000Mbps / 1,000Mbps",recurring,debit,2499,0,False,0,0,[],[],False,0,0,0,,,,0,False,False,False,,0,,0,,,[],0,1,[]
508,True,Customer Discount 10% Off,recurring,credit,249.9,0,False,0,0,[],[],False,0,0,0,,,,0,False,False,False,,0,,0,,,[],0,1,[]
509,True,1 Year Contract Installation Fee,one time,debit,1999,0,False,0,0,[],[],False,0,0,0,,,,0,False,False,False,,0,,0,,,[],0,1,[]
510,True,TEST-Voice-Package,recurring,debit,20,0,False,0,0,[],[],False,0,0,0,,,,0,True,False,False,,0.1,,0.2,60,6,[],0,1,[]
511,True,Voice Service- 1 SIP Line (Test),recurring,debit,12.99,0,False,0,0,[],[],False,0,0,0,,,,0,True,False,False,,0.25,250,0.02,60,6,"['787', '939', '1']",0,1,[]
512,True,Adjustment TEST,adjustment,debit,0,0,False,0,0,[],"[1, 2]",False,0,0,0,,,,0,False,False,False,,0,,0,,,[],0,1,[]
513,True,TEST VOICE local prefixes,recurring,debit,9.99,0,False,0,0,[],[],False,0,0,0,,,,0,True,False,False,,0.1,,0.2,60,6,[],0,1,[]
514,True,Burstable Billing cost per Mbps,recurring,debit,2,0,False,0,0,[],[],False,0,0,0,,,,0,False,False,False,,0,,0,,,[],0,1,[]
558,True,2020AN-BU-ME-5M AeroNet Enterprise Metro Ethernet/WAN 5/5,recurring,debit,99,0,False,0,0,"[1, 2]",[],True,5000,5000,0,,,,0,False,False,False,,0,,0,,,[],0,1,[]
559,True,2020AN-BU-DI-5M AeroNet Enterprise Dedicated Internet 5/5,recurring,debit,99,0,False,0,0,[],[],True,5000,5000,0,,,,0,False,False,False,,0,,0,,,[],0,1,[]
560,True,2020AF-BU-DI-INST24M AeroFiber Enterprise Dedicated Internet AF Installation Fee 24M,one time,debit,999,0,False,0,0,"[1, 2]",[],False,0,0,0,,,,0,False,False,False,,0,,0,,,[],0,1,[]
561,True,2020AN-BU-VO-CPBX1-20 AeroNet Enterprise VOIP Cloud PBX,recurring,debit,22.95,0,False,0,0,[],[],False,0,0,0,,,,0,True,True,False,,0,,1,60,60,"['1', '787', '939']",0,1,[]
562,True,2020AN-BU-MS-RTRMZ3 AeroNet Enterprise Managed Services Meraki Z3,recurring,debit,19.95,0,False,0,0,[],[],False,0,0,0,,,,0,False,False,False,,0,,0,,,[],0,1,[]
563,True,2020AN-WS-SV-VLAN+ AeroNet Wholesale Additional Service Add. Vlan,recurring,debit,5,0,False,0,0,[],[],False,0,0,0,,,,0,False,False,False,,0,,0,,,[],0,1,[]
564,True,2020AN-WS-DI-INST12M AeroNet Wholesale Dedicated Internet AN Installation Fee 12M,one time,debit,699,0,False,0,0,[],[],False,0,0,0,,,,0,False,False,False,,0,,0,,,[],0,1,[]
565,True,0 payment,recurring,debit,0,0,False,0,0,[],[],False,0,0,0,,,,0,False,False,False,,0,,0,,,[],0,1,[]
566,True,2020AN-GN-MS-PlumeRouter Plume something,recurring,debit,9.95,0,False,0,0,[],[],False,0,0,0,,,,0,False,False,False,,0,,0,,,[],0,1,[]
567,True,Referral Credit,one time,credit,40,0,False,0,0,[],[],False,0,0,0,,,,0,False,False,False,,0,,0,,,[],0,1,[]
568,True,Emergency Broadband Benefit (EBB) Program Credit,recurring,credit,50,0,False,0,0,[],[],False,0,0,0,,,,0,False,False,False,,0,,0,,,[],0,1,[]
569,True,TESTING_SERVICE,recurring,credit,999,0,False,0,0,[],[],True,1000000,1000000,50,,,,0,False,False,False,,0,,0,,,[],0,1,[]
